{
    "bCoef": [
        -0.00006119590660458307,
        1.0472642816340514,
        -0.008732200026855335,
        0.00001496309599827976,
        -1.1534099932392837e-7
    ],
    "mCoef": [
        0.003627732584859711,
        1.3291897561219164,
        -0.016911021523768423,
        0.00008716876142710429,
        -3.523690657978754e-7
    ]
}